{
  "extents": [
    [
      0.0,
      35882.073160524975
    ],
    [
      0.0,
      33395.8472646979
    ]
  ],
  "cuts": [
    1850,
    2130,
    2585,
    3180,
    4175,
    4500
  ],
  "colors": [
    [
      0,
      0.6039215686274509,
      0.8705882352941177
    ],
    [
      0,
      0.803921568627451,
      0.4235294117647059
    ],
    [
      1.0,
      0.7764705882352941,
      0.11764705882352941
    ],
    [
      0.9411764705882353,
      0.43137254901960786,
      0.39215686274509803
    ],
    [
      0.6862745098039216,
      0.34509803921568627,
      0.7294117647058823
    ]
  ],
  "pad": 100.0,
  "lips": 1.375893196457844,
  "radius": 1000.0,
  "parent": "rainier_small8"
}