{
  "extents": [
    [
      -200,
      200
    ],
    [
      -100,
      100
    ]
  ],
  "cuts": [
    5,
    30,
    55,
    80,
    135
  ],
  "colors": [
    [
      0,
      0.803921568627451,
      0.4235294117647059
    ],
    [
      0,
      0.6039215686274509,
      0.8705882352941177
    ],
    [
      0.6862745098039216,
      0.34509803921568627,
      0.7294117647058823
    ],
    [
      1.0,
      0.7764705882352941,
      0.11764705882352941
    ]
  ],
  "pad": 150,
  "lips": 3.1554220918348532
}