{
  "cuts": [
    200.0,
    1000.0,
    1400.0,
    1800.0,
    2500.0,
    4500.0
  ],
  "pad": [
    1.3,
    1.3
  ],
  "colors": [
    [
      0,
      0.6039215686274509,
      0.8705882352941177
    ],
    [
      0,
      0.803921568627451,
      0.4235294117647059
    ],
    [
      1.0,
      0.7764705882352941,
      0.11764705882352941
    ],
    [
      0.9411764705882353,
      0.43137254901960786,
      0.39215686274509803
    ],
    [
      0.6862745098039216,
      0.34509803921568627,
      0.7294117647058823
    ]
  ],
  "shape": [
    337,
    337
  ],
  "extents": [
    [
      -121.999999999473,
      -121.49999999727301
    ],
    [
      46.499999999684,
      47.000000001884
    ]
  ],
  "lips": 186078.10277365783
}