{
  "extents": [
    [
      -2000,
      2000
    ],
    [
      -1000,
      1000
    ]
  ],
  "cuts": [
    50.0,
    300.0,
    550.0,
    800.0,
    1350.0
  ],
  "colors": [
    [
      0,
      0.803921568627451,
      0.4235294117647059
    ],
    [
      0,
      0.6039215686274509,
      0.8705882352941177
    ],
    [
      0.6862745098039216,
      0.34509803921568627,
      0.7294117647058823
    ],
    [
      1.0,
      0.7764705882352941,
      0.11764705882352941
    ]
  ],
  "pad": 1500.0,
  "lips": 3.155422091834973
}