{
  "extents": [
    [
      -2,
      2
    ],
    [
      -1,
      1
    ]
  ],
  "cuts": [
    0.05,
    0.3,
    0.55,
    0.8,
    1.35
  ],
  "colors": [
    [
      0,
      0.803921568627451,
      0.4235294117647059
    ],
    [
      0,
      0.6039215686274509,
      0.8705882352941177
    ],
    [
      0.6862745098039216,
      0.34509803921568627,
      0.7294117647058823
    ],
    [
      1.0,
      0.7764705882352941,
      0.11764705882352941
    ]
  ],
  "pad": 1.5,
  "lips": 2.961154547069721,
  "radius": 0.55,
  "parent": "surf32"
}